{
  "epoch": 32,
  "metrics": {
    "accuracy": 0.938,
    "macro_precision": 0.9221491228070176,
    "macro_recall": 0.9106666666666667,
    "macro_f1": 0.9162048925530477,
    "weighted_f1": 0.9375726449520205,
    "class_metrics": {
      "benign": {
        "precision": 0.8916666666666667,
        "recall": 0.856,
        "f1": 0.873469387755102,
        "support": 125
      },
      "malignant": {
        "precision": 0.9526315789473684,
        "recall": 0.9653333333333334,
        "f1": 0.9589403973509935,
        "support": 375
      }
    },
    "confusion_matrix": [
      [
        107,
        18
      ],
      [
        13,
        362
      ]
    ]
  }
}